﻿<?xml version="1.0" encoding="utf-8" ?>
<root>
  <input>
    <data name="textbox" text="TextBox" title="TextBox">
      <![CDATA[ 
@NBrightTextBox(info, "genxml/textbox/******")
      ]]>
    </data>
    <data name="textboxml" text="TextBox (ML)" title="TextBox Localized">
      <![CDATA[ 
@NBrightTextBox(info, "genxml/lang/genxml/textbox/******")
      ]]>
    </data>
    <data name="CheckBox" text="CheckBox"  title="CheckBox(NBrightInfo info, String xpath,String text, String attributes, Boolean defaultValue = false)">
      <![CDATA[ 
@CheckBox(info, "genxml/checkbox/******", "", "", false)
      ]]>
    </data>
    <data name="RadioButtonList" text="RadioButtonList" title="RadioButtonList(NBrightInfo info, String xpath, String datavalue, String datatext, String attributes, String defaultValue)">
      <![CDATA[ 
@RadioButtonList(info, "genxml/radiobuttonlist/******", "0,1,2,3", "A,B,C,D", "class='myclass'", "0")      
      ]]>
    </data>
    <data name="DropDownList" text="DropDownList" title="DropDownList(NBrightInfo info, String xpath, String datavalue, String datatext, String attributes, String defaultValue)">
      <![CDATA[ 
@DropDownList(info, "genxml/dropdownlist/******", "0,1,2,3", "A,B,C,D", "class='myclass'", "0")      
      ]]>
    </data>
    <data name="CheckBoxList" text="CheckBoxList" title="CheckBoxList(NBrightInfo info, String xpath, String datavalue, String datatext, String attributes, Boolean defaultValue = false)">
      <![CDATA[ 
@CheckBoxList(info, "genxml/checkboxlist/******", "0,1,2,3", "A,B,C,D", "class='myclass'", "0")            
      ]]>
    </data>
    <data name="DateInput" text="DateInput" title="NBrightDate(NBrightInfo info, String xpath, String attributes, String defaultValue,String extraDatePickerOptions)">
      <![CDATA[ 
@NBrightDate(info, "genxml/textbox/******", " autocomplete='off' ")
      ]]>
    </data>
    <data name="TextArea" text="TextArea" title="NBrightTextArea(NBrightInfo info, String xpath, String attributes, String defaultValue)">
      <![CDATA[ 
@NBrightTextArea(info, "genxml/lang/genxml/textbox/******", "rows='4' ")
      ]]>
    </data>
    <data name="CkEditor" text="CkEditor" title="CkEditor(NBrightInfo info, String xpath, String attributes)">
      <![CDATA[ 
@CkEditor(info, "genxml/lang/genxml/textbox/******", "")
      ]]>
    </data>
    <data name="HiddenField" text="HiddenField" title="HiddenField(NBrightInfo info, String xpath, String attributes, String defaultValue)">
      <![CDATA[ 
@HiddenField(info, "genxml/hidden/******","","")      
      ]]>
    </data>
    <data name="ImageSingleUpload" text="Image Single Upload">
      <![CDATA[ 
@RenderTemplate("/DesktopModules/NBright/NBrightMod/Themes/Shared/image1-shared.cshtml", Model)
      ]]>
    </data>
    <data name="ImageUpload" text="Image Upload">
      <![CDATA[ 
@RenderTemplate("/DesktopModules/NBright/NBrightMod/Themes/Shared/image-shared.cshtml", Model)
      ]]>
    </data>
    <data name="DocsSingleUpload" text="Docs Single Upload">
      <![CDATA[ 
@RenderTemplate("/DesktopModules/NBright/NBrightMod/Themes/Shared/docs1-shared.cshtml", Model)
      ]]>
    </data>
    <data name="DocsUpload" text="Docs Upload">
      <![CDATA[ 
@RenderTemplate("/DesktopModules/NBright/NBrightMod/Themes/Shared/docs-shared.cshtml", Model)
      ]]>
    </data>
    <data name="TextEditor" text="TextEditor">
      <![CDATA[ 
@RenderTemplate("/DesktopModules/NBright/NBrightMod/Themes/Shared/editortext-shared.cshtml", Model)
      ]]>
    </data>

    <data name="labeltextbox" text="Label and TextBox">
      <![CDATA[ 
<div class="form-group">
    <label>@ResourceKey("Edit.******")</label>
    <div>@NBrightTextBox(info, "genxml/lang/genxml/textbox/******")</div>
</div>
      ]]>
    </data>
    <data name="TabSelectList" text="TabSelectList" title="TabSelectList(NBrightInfo info, String xpath, String attributes,Boolean allowEmpty = true) // GUID Tab returned">
      <![CDATA[ 
@TabSelectList(info,"genxml/dropdownlist/linktab","class='form-control'",true)      
      ]]>
    </data>
    <data name="TabSelectList" text="TabSelectList" title="TabSelectListOnTabId(NBrightInfo info, String xpath, String attributes, Boolean allowEmpty = true) // TabId returned">
      <![CDATA[ 
@TabSelectListOnTabId(info,"genxml/dropdownlist/linktab","class='form-control'",true)      
      ]]>
    </data>


  </input>
  <process>
    
    
    <data name="EditButtons" text="EditButtons">
      <![CDATA[ 
@EditButtons("add,savelist,save,saveexit,savereturn,delete,return,exit,uploadimage,uploaddoc,undodoc,undoimage")
      ]]>
    </data>
    <data name="EditCultureSelect" text="EditCultureSelect">
      <![CDATA[ 
@EditCultureSelect("flag-list", "selecteditlanguage")
      ]]>
    </data>
    <data name="assigninfo" text="Assign info var">
      <![CDATA[ 
@{
    var info = (NBrightInfo)Model.List.First();
}      
      ]]>
    </data>
    <data name="GetUrlParam" text="GetUrlParam">
      <![CDATA[ 
@Model.GetUrlParam("******")
    ]]>
    </data>
    <data name="GetSetting" text="GetSetting">
      <![CDATA[ 
@(Model.GetSetting("******"))
      ]]>
    </data>
    <data name="ifonsettings" text="IF on Setting">
      <![CDATA[ 
@if (Model.GetSetting("******") == "true")
{
<div>True</div>
}
else
{
<div>False</div>
}            
      ]]>
    </data>
    <data name="infoloop" text="info loop">
      <![CDATA[ 
@{
    var lp = 1;
    foreach (NBrightInfo info in Model.List)
    {
        <div>@info.GetXmlProperty("genxml/textbox/******")</div>
        lp += 1;
    }
}     
      ]]>
    </data>
    <data name="AddPreProcessMetaData" text="AddPreProcessMetaData" title="AddPreProcessMetaData(String metaKey, String metaValue,String templateFullName,String moduleId)">
      <![CDATA[ 
@AddPreProcessMetaData("orderby", "ORDER BY NB1.XMLData.value('(genxml/hidden/sortrecordorder)[1]','int')", "******.cshtml", Model.ModuleId.ToString(""))
      ]]>
    </data>
    <data name="GetTabUrlByGuid" text="GetTabUrlByGuid" title="Gets tabid from a TabSelectList">
      <![CDATA[ 
var tabddl = GetTabUrlByGuid(info, "/genxml/dropdownlist/linktab");      
      ]]>
    </data>    
    <data name="AddMetaData" text="AddMetaData" title="AddMetaData(String metaKey, String metaValue, String templateFullName)">
      <![CDATA[ 
@AddMetaData("resourcepath","/DesktopModules/NBright/NBrightMod/App_LocalResources/")
      ]]>
    </data>
    <data name="ResourceKey" text="ResourceKey" title="ResourceKey(resourcefile.resourcekey)">
      <![CDATA[ 
@ResourceKey("Edit.******")      
      ]]>
    </data>
    <data name="DnnLabel" text="DnnLabel" title="DnnLabel(String id, String resourceFileKey, String lang)">
      <![CDATA[ 
@DnnLabel("*****", "Edit.*****")      
      ]]>
    </data>
    <data name="GetXmlProperty" text="GetXmlProperty" title="GetXmlProperty(xpath)">
      <![CDATA[ 
@info.GetXmlProperty("genxml/textbox/******")
      ]]>
    </data>
    <data name="GetTemplateFilePath" text="GetTemplateFilePath" title="[Get the template path used in this App Theme] GetTemplateFilePath(string themeFolder, string filename, string moduleref, string subfoldername, bool includefilename = true, bool relativepath=true)">
      <![CDATA[ 
    @GetTemplateFilePath(Model.GetSetting("themefolder"), "settings.cshtml", Model.GetSetting("modref"), "Default", true, true).ToString()
      ]]>
    </data>
    <data name="GetTemplatePathFile" text="GetTemplatePathFile" title="[Get the template path and filename used in this App Theme] GetTemplatePathFile(string themeFolder, NBrightRazor model, string subfoldername)">
      <![CDATA[ 
    @GetTemplatePathFile("settings.cshtml", Model, "Default").ToString()
      ]]>
    </data>
    <data name="GetTemplateRelPathFile" text="GetTemplateRelPathFile" title="[Get the Relative template path and filename used in this App Theme] GetTemplateRelPathFile(string themeFolder, NBrightRazor model, string subfoldername)">
      <![CDATA[ 
    @GetTemplateRelPathFile("settings.cshtml", Model, "Default").ToString()
      ]]>
    </data>
    <data name="GetTemplatePath" text="GetTemplatePath" title="[Get the template path used in this App Theme] GetTemplatePath(string themeFolder, NBrightRazor model, string subfoldername)">
      <![CDATA[ 
    @GetTemplatePath("settings.cshtml", Model, "Default").ToString()
      ]]>
    </data>
    <data name="GetTemplateRelPath" text="GetTemplateRelPath" title="[Get the relative template path and filename used in this App Theme] GetTemplateRelPath(string themeFolder, NBrightRazor model, string subfoldername)">
      <![CDATA[ 
    @GetTemplateRelPath("Theme.ascx.resx", Model, "resx").ToString()
      ]]>
    </data>




  </process>
  
</root>